MUNICIPIO,CODIGO_IBGE,Gentílico [-],Prefeito [2025],Área Territorial - km² [2024],População no último censo - pessoas [2022],Densidade demográfica - hab/km² [2022],POPULACAO_2024,Escolarização  6 a 14 anos- % [2010],IDHM Índice de desenvolvimento humano municipal [2010],Mortalidade infantil - óbitos por mil nascidos vivos [2022],Total de receitas brutas realizadas - R$ [2022],Total de despesas brutas empenhadas - R$ [2022],PIB per capita - R$ [2021],UTI_TOTAL_EXIST,UTI_TOTAL_SUS,LEITOS_UTI_POR_10000_HAB
ABAIRA,2900108,abairense,WELLINGTON BARBOSA SILVA,538.677,7301,13.55,7452,97.2,0.603,18.52,32237641.59,35111367.37,8086.04,0,0,0.0
ABARE,2900207,abareense,EMANOEL MESCIAS MENEZES DE ANDRADE,1604.923,17639,10.99,18240,96.5,0.575,7.17,87563602.75,79977884.76,10127.1,0,0,0.0
ACAJUTIBA,2900306,acajutibense,JADIEL SOUZA JESUS,181.475,13795,76.02,14215,98,0.582,12.82,83405745.46,79390929.67,9499.76,0,0,0.0
ADUSTINA,2900355,adustinense,JOTA JUNIOR GONÇALVES,629.1,14201,22.57,14554,98.1,0.546,20.55,78434504.29,73643969.42,13986.28,0,0,0.0
AGUA FRIA,2900405,água-friense,RENAN ARAUJO BARROS,742.775,14497,19.52,14871,97,0.55,13.79,73397340.01,88594859.92,9269.33,0,0,0.0
ERICO CARDOSO,2900504,érico-cardosense,ERALDO FÉLIX DA SILVA,735.249,10604,14.42,10948,98.8,0.584,16.95,53133336.7,50328616.35,7425.41,0,0,0.0
AIQUARA,2900603,aiquarense,VALERIA RIBEIRO SANTOS,167.877,4447,26.49,4586,98.4,0.583,,45623931.03,43534669.81,12244.83,0,0,0.0
ALAGOINHAS,2900702,alagoinhense,GUSTAVO AUGUSTO DE SOUZA CARMO,707.836,151055,213.4,160662,97.4,0.683,12.79,664260801.24,631717683.9,29621.32,96,60,5.98
ALCOBACA,2900801,alcobacense,GIVALDO MUNIZ,1477.929,24530,16.6,25494,96.5,0.608,15.38,135266438.23,142880890,15437.27,0,0,0.0
ALMADINA,2900900,almadinense,MARCOS MARCIEL PINHEIRO DE JESUS,245.236,5218,21.28,5327,95.3,0.563,23.26,32229647.81,29587006.69,11924.08,0,0,0.0
AMARGOSA,2901007,amargosense,GETÚLIO ALMEIDA SAMPAIO,431.655,36521,84.61,38478,96.8,0.625,16.13,190276474.67,168053576.8,12327.08,0,0,0.0
AMELIA RODRIGUES,2901106,ameliense,JOÃO MANOEL BAHIA MENEZES,166.872,24138,144.65,24848,99.2,0.666,6.1,108377590.27,102966520.8,17505.45,0,0,0.0
AMERICA DOURADA,2901155,américo-douradense,JOELSON CARDOSO DO ROSARIO,822.373,15137,18.41,15583,96.6,0.561,,79102581.84,78796917.45,10440.54,0,0,0.0
ANAGE,2901205,anageense,ROGERIO BONFIM SOARES,1899.683,25438,13.39,26715,96,0.54,15.54,86891843.4,88578085.1,10592.91,0,0,0.0
ANDARAI,2901304,andaraiense,WILSON PAES CARDOSO,1589.786,13080,8.22,13531,97.8,0.555,6.58,74092334.41,69360658.94,10254.35,0,0,0.0
ANDORINHA,2901353,andorinhense,ADILBERTO EVANGELISTA DE SOUZA,1362.386,15012,11.02,15485,98,0.588,11.98,108057843.61,101142338.3,15500.25,0,0,0.0
ANGICAL,2901403,angicalense,MONICA MARIA RODRIGUES DAS CHAGAS DIAS,1530.645,13732,8.97,14178,96.9,0.625,37.23,66509756.58,61752720.45,13699.3,0,0,0.0
ANGUERA,2901502,anguerense,MAURO SELMO OLIVEIRA VIEIRA,187.84,11031,58.73,11456,98.2,0.589,,58873240.51,53339705.23,6927.47,0,0,0.0
ANTAS,2901601,antense,ESSIONEIDE PIMENTEL DA SILVA MATOS,326.36,14206,44.43,15061,94.3,0.592,7.3,96411774.67,86953768.11,8179.38,0,0,0.0
ANTONIO CARDOSO,2901700,cardosense,JOCIVALDO BISPO DA CONCEIÇÃO DOS ANJOS,293.53,11146,37.97,11501,95.8,0.561,17.86,54328608.34,51157756.39,10644.2,0,0,0.0
ANTONIO GONCALVES,2901809,antônio-gonçalvense,DJALMA DE FREITAS CARDOSO NETO,345.284,10862,31.46,11236,98.4,0.598,20.83,60949081.57,53828781.31,6917.74,0,0,0.0
APORA,2901908,aporense,CARINE DANTAS DE MENEZES,479.262,15922,33.22,16379,97.6,0.548,11.3,79635652.5,77698758,8332.08,0,0,0.0
APUAREMA,2901957,apuaremense,ROBERTO SANTOS AMORIM,150.83,6913,45.83,7114,95.9,0.552,27.78,37849353.32,38785003.17,10214.51,0,0,0.0
ARACATU,2902005,aracatuense,BRAULINA LIMA SILVA,1489.803,13936,9.35,14422,97.7,0.581,17.54,70530574.93,66381596.36,11245.32,0,0,0.0
ARACAS,2902054,araçaense,AGAMENON OLIVEIRA COELHO,474.577,11557,24.35,11946,98.1,0.57,34.48,80586573.78,83479592.61,24447.56,0,0,0.0
ARACI,2902104,araciense,MARIA BETIVANIA LIMA DA SILVA,1496.245,48294,32.28,50336,97.4,0.534,15.53,253502295.71,252315817.7,8950.31,0,0,0.0
ARAMARI,2902203,aramariense,ANTONIO LUIZ CARDOSO DANTAS,368.947,9833,26.65,10122,96.3,0.588,11.36,51526836.06,46634677.09,9008.7,0,0,0.0
ARATACA,2902252,arataquense,FERNANDO MANSUR GONZAGA,435.962,10191,23.38,10463,95.6,0.559,12.99,61145526.8,60057926.34,9308.59,0,0,0.0
ARATUIPE,2902302,aratuipense,ANTONIO MARCOS ARAUJO DE SOUZA,174.012,8677,49.86,8981,98.4,0.575,9.01,47294402.32,42888776.84,9038.92,0,0,0.0
AURELINO LEAL,2902401,aurelinense,RODRIGO CALAZANS DE ANDRADE,445.394,11179,25.1,11409,95.5,0.568,56.5,70869725.32,71726699.35,12365.87,0,0,0.0
BAIANOPOLIS,2902500,baianopolense,WEUBE FEBRONIO DOS SANTOS,3321.755,13614,4.1,14110,98.7,0.589,12.66,79980048.36,73582237.51,18872.77,0,0,0.0
BAIXA GRANDE,2902609,baixa-grandense,ADROALDO DOS SANTOS RIBEIRO,967.514,18220,18.83,18680,97.2,0.585,13.7,82668628.92,78137190.3,9527.52,0,0,0.0
BANZAE,2902658,banzaêense,PATRÍCIA NASCIMENTO ALMEIDA,409.507,11958,29.2,12309,98.1,0.579,8.4,93084901.05,83179972.5,8572.74,0,0,0.0
BARRA,2902708,barrense,ROMEU BATISTA PINTO JUNIOR,11428.112,51092,4.47,53528,97,0.557,23.31,190704876.3,198848474.7,7941.89,30,30,5.6
BARRA DA ESTIVA,2902807,barrestivense,UILSON ROBSON SILVA ALVES,1657.413,26026,15.7,27582,96.8,0.575,5.57,102037728.35,93872997.06,18698.56,0,0,0.0
BARRA DO CHOCA,2902906,barra-chocense,OBERDAM ROCHA DIAS,765.936,36539,47.71,38481,96.9,0.551,20.18,163664432.65,149980554.6,18602.26,0,0,0.0
BARRA DO MENDES,2903003,barra-mendense,MANOEL GABRIEL DOS SANTOS,1436.299,13836,9.63,14345,97.5,0.63,5.88,57221921.89,60683464.74,8829.23,0,0,0.0
BARRA DO ROCHA,2903102,barra-rochense,JOSE LUIZ FRANCO RAMOS COSTA,214.411,5775,26.93,5920,95.7,0.577,,52572707.45,50367801.85,14125.28,0,0,0.0
BARREIRAS,2903201,barreirense,OTONIEL NASCIMENTO TEIXEIRA,8059.305,159734,19.84,170667,97.5,0.721,12.95,897856861.63,841847092.6,44221.63,234,102,13.71
BARRO ALTO,2903235,barro-altino,EVILAZIO JOAQUIM DE OLIVEIRA,414.51,13453,32.46,13911,98.4,0.607,7.09,57975035.53,53036228.28,7440.78,0,0,0.0
BARROCAS,2903276,barroquense,JOSE ALMIR ARAUJO QUEIROZ,207.297,15203,73.34,15743,98.7,0.61,30.15,92697750.63,85830026.64,21334.14,0,0,0.0
BARRO PRETO,2903300,barro-pretense,JURACI DIAS DE JESUS,201.585,5833,28.94,5966,96.2,0.602,34.48,48592594.66,45986007.78,15044.1,0,0,0.0
BELMONTE,2903409,belmontense,IEDO JOSE MENEZES ELIAS,1920.642,20121,10.37,20567,96.5,0.598,13.22,99326272.03,93923801.28,15875.7,0,0,0.0
BELO CAMPO,2903508,belo-campense,FIDELIS PEREIRA REIS,772.756,18412,23.83,19042,95.2,0.575,12.35,94007044.42,100366960.7,9968.92,0,0,0.0
BIRITINGA,2903607,biritinguense,GILMÁRIO SOUZA DE OLIVEIRA,553.762,15146,27.35,15606,98,0.538,22.35,101053376.72,93560021.52,9096.16,0,0,0.0
BOA NOVA,2903706,boa-novense,LUCAS SANTOS MEIRA,848.857,13690,16.13,14052,97.2,0.567,7.19,64676862.84,57878621.13,9270.48,0,0,0.0
BOA VISTA DO TUPIM,2903805,tupinense,SAVIO BULCAO DOS SANTOS,2972.109,16873,5.68,17307,96.8,0.551,5.38,83459655.03,77651502.51,8399.59,0,0,0.0
BOM JESUS DA LAPA,2903904,lapense,EURES RIBEIRO PEREIRA,4114.491,65550,15.93,68704,95.7,0.633,13.44,309215945.22,304959101.9,19356.52,60,30,8.73
BOM JESUS DA SERRA,2903953,bom-jesuense,WELTON SILVA ANDRADE,467.909,9730,20.79,10028,98.3,0.546,,43754276.35,46791662.37,7162.09,0,0,0.0
BONINAL,2904001,boninalense,CELESTE AUGUSTA ARAUJO PAIVA,896.857,13622,15.19,14104,96.3,0.612,43.48,65602591.09,57850833.94,8127.31,0,0,0.0
BONITO,2904050,bonitense,EDIVAM JOSE CEDRO DE SOUZA,791.276,15844,20.02,16393,97.6,0.561,13.95,92308969.34,84848138.89,15926.9,0,0,0.0
BOQUIRA,2904100,boquirense,ALAN MACHADO FRANÇA,1426.233,19322,13.55,19829,98.8,0.603,13.57,85175016.21,84698668.52,8800.66,0,0,0.0
BOTUPORA,2904209,botuporãense,EDIMILSON ANTONIO SARAIVA,627.612,11024,17.56,11411,98.1,0.575,7.81,57729344.19,56663805.69,10949.08,0,0,0.0
BREJOES,2904308,brejoense,RICARDO CASTRO CERQUEIRA,518.566,12943,24.96,13272,97.9,0.597,30.53,70153287.58,66129680.52,10196.49,0,0,0.0
BREJOLANDIA,2904407,brejolandense,EDEZIO NUNES BASTOS,2247.208,9108,4.05,9377,98.4,0.592,22.22,49363601.79,44935024.38,11827.72,0,0,0.0
BROTAS DE MACAUBAS,2904506,brotense,ANTONIO KLEBER RIBEIRO,2520.817,11765,4.67,12169,97.6,0.57,9.17,61124813.39,57824627.77,9019.03,0,0,0.0
BRUMADO,2904605,brumadense,FABRICIO ABRANTES PIRES DE SOUZA OLIVEIRA,2207.612,70510,31.94,74095,96.8,0.656,7.84,326221018.66,338979262.5,26432.55,60,30,8.1
BUERAREMA,2904704,bueraremense,GERIVALDO SOUZA FREITAS,219.487,14804,67.45,15056,91.5,0.613,14.93,69987669.82,68702369.31,11436.46,0,0,0.0
BURITIRAMA,2904753,buritiramense,LÉO MIRANDA SÃO MATEUS,4046.736,19589,4.84,20212,97.3,0.565,14.93,89655424.59,85651247.43,7251.29,0,0,0.0
CAATIBA,2904803,caatibense,HUMBERTO DE ALMEIDA ANTUNES,512.436,6205,12.11,6224,89.9,0.561,,41847529.14,39130554.8,12419.86,0,0,0.0
CABACEIRAS DO PARAGUACU,2904852,cabaceirense,PEDRO ANDRÉ BRAZ SILVA SANTANA,222.027,16559,74.58,17039,98.8,0.581,13.95,90183029.52,86371036.58,7427.62,0,0,0.0
CACHOEIRA,2904902,cachoeirano,ELIANA GONZAGA DE JESUS,394.894,29250,74.07,30550,97.8,0.647,9.06,122870366.9,114258034.2,14239.25,30,30,9.82
CACULE,2905008,caculense,PEDRO DIAS DA SILVA,610.983,22462,36.76,23246,97.3,0.637,14.44,105392294.26,97054261.27,15563.12,0,0,0.0
CAEM,2905107,caenense,ARNALDO DE OLIVEIRA FILHO,540.908,10384,19.2,10729,98.8,0.546,9.52,61221442.98,56433198.16,10356.18,0,0,0.0
CAETANOS,2905156,caetanense,EDAS JUSTINO DOS SANTOS,767.146,11266,14.69,11500,96.9,0.542,8.26,59499260.16,55896629.04,6991.41,0,0,0.0
CAETITE,2905206,caetiteense,VALTÉCIO NEVES AGUIAR,2651.536,52012,19.62,54572,98.3,0.625,17.35,215422456.1,207378662.3,21464.71,60,60,10.99
CAFARNAUM,2905305,cafarnauense,CARLAN NOVAIS SENA XAVIER,643.66,17466,27.14,18039,98.6,0.584,7.38,92893458.38,85903499.3,11697.42,0,0,0.0
CAIRU,2905404,cairuense,HILDÉCIO ANTÔNIO MEIRELES FILHO,448.846,17761,39.57,18486,98.8,0.627,14.55,147007765.46,140897258.9,80656.9,0,0,0.0
CALDEIRAO GRANDE,2905503,caldeirão-grandense,PEDRO HENRIQUE ARAUJO BEZERRA,458.312,13080,28.54,13566,97.8,0.573,29.85,78135316.82,72636216.37,7581.19,0,0,0.0
CAMACAN,2905602,camacaense,PAULO CESAR BOMFIM DE OLIVEIRA,584.848,22579,38.61,22756,92.5,0.581,18.87,122789114.88,113213988.8,11067.74,0,0,0.0
CAMACARI,2905701,camaçariense,LUIZ CARLOS CAETANO,785.421,300372,382.43,319394,96.7,0.694,14.55,2270716271.54,2093704002,109866.84,117,24,3.66
CAMAMU,2905800,camamuense,JAIRO PEREIRA CRUZ,839.702,30469,36.29,31775,96,0.565,24.79,134742949.58,125990690.3,13215.31,0,0,0.0
CAMPO ALEGRE DE LOURDES,2905909,campo-alegrense,TADEU DIAS DOS SANTOS,2914.575,30671,10.52,32377,98.3,0.557,16.95,147877399.32,155216467.5,10246.22,0,0,0.0
CAMPO FORMOSO,2906006,campo-formosense,ELMO ALUIZIO VIEIRA NASCIMENTO,7161.827,71377,9.97,74894,98,0.586,16.35,421739339.6,381998346.6,28885.32,36,30,4.81
CANAPOLIS,2906105,canapolense,REGINALDO DE SOUZA PEREIRA,460.388,10225,22.21,10612,96.9,0.565,15.75,45952175.51,43972560.81,8764.22,0,0,0.0
CANARANA,2906204,canaraense,MARLEIDE BARBOSA DE OLIVEIRA,579.726,24206,41.75,24989,98.9,0.587,24.39,118990817.04,106457997.7,9778.68,0,0,0.0
CANAVIEIRAS,2906303,canavieirense,PAULO CEZAR RAMOS CARVALHO,1334.284,32683,24.49,34343,94.9,0.59,7.98,123085418.58,117692044.6,12876.82,0,0,0.0
CANDEAL,2906402,candealense,RENATO PEREIRA LIMA JUNIOR,447.578,7772,17.36,7969,98.2,0.587,21.51,34829067.28,33029345.48,8360.25,0,0,0.0
CANDEIAS,2906501,candeense,ERITON DOS SANTOS RAMOS,251.808,72382,287.45,75083,97.6,0.691,18.65,629703381.39,661141033.8,77650.5,60,45,7.99
CANDIBA,2906600,candibense,REGINALDO MARTINS PRADO,433.642,13016,30.02,13425,98.3,0.591,,59531011.69,57776384.74,9769.54,0,0,0.0
CANDIDO SALES,2906709,cândido-salense,MAURÍLIO LEMOS DAS VIRGENS,1169.814,25247,21.58,26465,96.2,0.601,9.87,102701787.36,99114083.81,9819.28,0,0,0.0
CANSANCAO,2906808,cansançãoense,VILMA ROSA DE OLIVEIRA GOMES,1351.891,37439,27.69,39556,98.6,0.557,11.11,229983896.29,225166419.6,10100.52,0,0,0.0
CANUDOS,2906824,canudense,JILSON CARDOSO DE MACEDO,3565.377,16105,4.52,16662,98.6,0.562,33.9,92895404.8,84381205.49,9098.77,0,0,0.0
CAPELA DO ALTO ALEGRE,2906857,capelense,LUIS ROMEU OLIVEIRA MASCARENHAS,629.586,10744,17.07,11055,98.6,0.599,9.09,67156745.42,57197009.21,11169.61,0,0,0.0
CAPIM GROSSO,2906873,capim-grossense,JOSÉ SIVALDO RIOS DE CARVALHO,464.776,33235,71.51,35228,96.2,0.621,7.18,139824667.59,134041367.5,18670.35,0,0,0.0
CARAIBAS,2906899,caraibense,RENATO LIMA DOS SANTOS,805.629,9940,12.34,10260,97.3,0.555,10.75,42673197.15,39656831.39,9955.16,0,0,0.0
CARAVELAS,2906907,caravelense,ADAUTO RONALDO AZEVEDO DA COSTA,2377.889,20580,8.65,21229,95.4,0.616,7.94,129500640.75,119052054.2,16145.53,0,0,0.0
CARDEAL DA SILVA,2907004,cardinalense,ANTONIO AUGUSTO SALES DE JESUS,293.456,8365,28.51,8634,98.1,0.552,17.86,62080706.93,62238489.76,12530.82,0,0,0.0
CARINHANHA,2907103,carinhanhense,FRANCISCA ALVES RIBEIRO,2525.512,28869,11.43,30375,98.8,0.576,23.36,160250153.87,118349916.5,9910.07,0,0,0.0
CASA NOVA,2907202,casa-novense,ANISIO VIANA DE CASTRO NETO,9647.072,72086,7.47,75815,95.5,0.57,17.49,257226412.69,245274173.2,11975.02,0,0,0.0
CASTRO ALVES,2907301,castro-alvense,JADSON SOUZA CUNHA SOARES,713.789,24712,34.62,25471,95.9,0.613,23.97,146074559.93,139238783.9,12030.84,0,0,0.0
CATOLANDIA,2907400,catolandiano,GIOVANNI MOREIRA DOS SANTOS,702.504,3434,4.89,3560,98.4,0.582,,29154887.86,26711351.28,22354.47,0,0,0.0
CATU,2907509,catuense,NARLISON BORGES DE SALES,426.955,48148,112.77,50153,97.3,0.677,16.2,230828411.58,216490874.1,12592.64,24,0,4.79
CATURAMA,2907558,caturamense,ANTÔNIO LEÃO BOMFIM,716.261,8841,12.34,9115,98.7,0.571,12.5,43069267.44,44747845.55,8412.58,0,0,0.0
CENTRAL,2907608,centralense,JOSÉ WILKER ALENCAR MACIEL,566.974,16348,28.83,16849,98.9,0.596,16.04,66751208.92,63947582.5,8935.69,0,0,0.0
CHORROCHO,2907707,chorrochoense,UILDE IRLÃ DE OLIVEIRA,3005.319,10579,3.52,10929,96.6,0.6,16,64071992.6,58312016.11,9401.51,0,0,0.0
CICERO DANTAS,2907806,cícero-dantense,VINICIUS JOSE ARAUJO BORGES DE SOUZA,817.023,30907,37.69,32268,98,0.585,24.22,165297492.63,157406567.2,12258.65,0,0,0.0
CIPO,2907905,cipoense,JOSE MARQUES DOS REIS,168.33,17230,102.36,17836,97.6,0.601,33.61,109405618.33,101549023.7,8929.66,0,0,0.0
COARACI,2908002,coaraciense,MILTON DIAS CERQUEIRA MICHELI SANTOS,274.5,17333,63.14,17663,95.1,0.613,5.38,81376233.81,80086134.27,11847.5,0,0,0.0
COCOS,2908101,coquense,CLEWTON DOMINGUES DE SOUZA,10138.25,19151,1.89,19817,97,0.596,20.24,120171828.15,109495229.4,29725.02,0,0,0.0
CONCEICAO DA FEIRA,2908200,conceiçoense,JOÃO PEDRO LABRIOLA CARDOZO,164.798,20800,126.22,21499,98.8,0.634,19.23,104322568.27,97847129.49,16397.98,0,0,0.0
CONCEICAO DO ALMEIDA,2908309,almeidense,RENATA SUELY NOGUEIRA DE SANTANA BARROS,284.836,15794,55.45,16184,95.6,0.606,37.5,77073578.17,68515279.15,11720.12,0,0,0.0
CONCEICAO DO COITE,2908408,coiteense,MARCELO PASSOS DE ARAUJO,1015.251,67825,66.81,71316,97.9,0.611,9.52,244193723.89,225364474.2,13126.28,0,0,0.0
CONCEICAO DO JACUIPE,2908507,conjacuipense,TANIA MARLI RIBEIRO YOSHIDA,114.869,35308,307.38,37409,98.4,0.663,14.01,166544424.18,161132526.9,82100.68,0,0,0.0
CONDE,2908606,condense,JOSÉ ANÍSIO ALMEIDA DE OLIVEIRA,931.106,23654,25.4,24434,96.8,0.56,10.14,118571266.69,106432338.2,11018.15,0,0,0.0
CONDEUBA,2908705,condeubense,MICAEL BATISTA SILVEIRA,1348.039,17053,12.65,17571,98.1,0.582,,79525182.09,72157668.38,9996.28,0,0,0.0
CONTENDAS DO SINCORA,2908804,contendense,UELITON VALDIR PALMEIRA SOUZA,977.455,4333,4.43,4490,99,0.577,,29954585.34,30763908.56,12615.63,0,0,0.0
CORACAO DE MARIA,2908903,mariense,KLEY CARNEIRO LIMA,378.42,26692,70.54,28258,98.8,0.592,17.78,129711375.53,125052585,10109.67,0,0,0.0
CORDEIROS,2909000,cordeirense,DEVANI PEREIRA DA SILVA,523.64,7546,14.41,7763,98,0.579,,42231841.18,43675705.88,8165.47,0,0,0.0
CORIBE,2909109,coribense,MURILLO FERREIRA VIANA,2665.141,13990,5.25,14464,97.7,0.6,6.94,80554552.47,70810452.52,11985.85,0,0,0.0
CORONEL JOAO SA,2909208,joão-saense,CARLOS FERNANDO OLIVA SILVEIRA,797.434,17056,21.39,17593,96,0.535,11.9,122249722.65,118763510.4,11271.2,0,0,0.0
CORRENTINA,2909307,correntinense,WALTER MARIANO MESSIAS DE SOUZA,11504.314,32457,2.82,34179,97.6,0.603,10.62,304616484.88,273171301.4,101729.95,0,0,0.0
COTEGIPE,2909406,cotegipano,BEATRIZ BATISTA RIBEIRO CALADO,4282.775,13063,3.05,13472,94.5,0.59,12.35,66169040,66123234.12,12456.61,0,0,0.0
CRAVOLANDIA,2909505,cravolandense,CELSO COELHO DA SILVA,182.518,4415,24.18,4514,97.6,0.599,65.22,38026746.41,35068132.58,8577.98,0,0,0.0
CRISOPOLIS,2909604,crisopolense,LEANDRO DANTAS DE JESUS COSTA,636.609,19729,30.99,20343,96.1,0.543,16.88,108974463.07,104176240.5,9714.12,0,0,0.0
CRISTOPOLIS,2909703,cristopolense,ERIVALDO CONEGUNDES DA CÂMARA,1052.837,13993,13.29,14514,98.3,0.614,6.62,65694519.37,62068423.14,11289.8,0,0,0.0
CRUZ DAS ALMAS,2909802,cruz-almense,EDNALDO JOSÉ RIBEIRO,139.117,60348,433.79,63203,97.2,0.699,17.02,224844754.88,195763574.4,16307.21,0,0,0.0
CURACA,2909901,curaçaense,ROBSON MURILO BOMFIM DA SILVA,5950.614,34180,5.74,36021,97.4,0.581,13.7,159247575.49,150499774,10130.36,0,0,0.0
DARIO MEIRA,2910008,dário-meirense,MARIVANE DIAS SANTOS,413.637,10820,26.16,11094,93,0.54,,66029944.52,64387748.11,12191.08,0,0,0.0
DIAS D'AVILA,2910057,diasdavilense,ALBERTO PEREIRA CASTRO,183.759,71485,389.01,75053,98,0.676,20.13,355448617.44,326977393.2,36442.65,0,0,0.0
DOM BASILIO,2910107,dom-basiliense,FERNANDO SILVA SANTOS,689.516,11884,17.24,12309,96.1,0.591,,65806890.09,59368599.42,11587.29,0,0,0.0
DOM MACEDO COSTA,2910206,macedense,ANTÔNIO DOS SANTOS FRÓES,94.778,4407,46.5,4588,99.3,0.632,,33028176.48,28943575.59,10611.99,0,0,0.0
ELISIO MEDRADO,2910305,medradense,LINSMAR MOURA BITTENCOURT SANTOS,179.329,7808,43.54,8066,99.6,0.623,,43320892.67,38496097.03,9439.42,0,0,0.0
ENCRUZILHADA,2910404,encruzilhadense,PEDRO ALVES DE LACERDA SOBRINHO,1890.133,19107,10.11,19535,95,0.544,21.37,80558900.34,80099719.7,16098.09,0,0,0.0
ENTRE RIOS,2910503,entrerriense,MANOELITO ARGOLO DOS SANTOS JUNIOR,1187.766,38098,32.08,39902,95.6,0.615,16.81,166559660.28,158731928.1,16224.35,0,0,0.0
ESPLANADA,2910602,esplanadense,JOSE NAUDINHO ALVES DOS SANTOS,1299.355,32554,25.05,34146,97.7,0.589,11.57,162729852.8,158568561.3,19310.56,0,0,0.0
EUCLIDES DA CUNHA,2910701,euclidense,HELDER MACEDO DA SILVA,2025.368,61456,30.34,64547,97.8,0.567,17.4,290966233.82,278488337.8,13015.7,0,0,0.0
EUNAPOLIS,2910727,eunapolitano,JOSÉ ROBÉRIO BATISTA DE OLIVEIRA,1425.97,113710,79.74,120515,96.2,0.677,18.51,479753302.93,472422106.2,27765.39,117,30,9.71
FATIMA,2910750,fatimense,FABIO JOSE REIS DE ARAUJO,368.342,17895,49.11,18469,98.4,0.559,21.05,95934427.54,92484571.22,15735.76,0,0,0.0
FEIRA DA MATA,2910776,matense,VALMIR MACEDO RODRIGUES,1176.504,5631,4.79,5825,97.5,0.588,,36592654.93,33572657.33,11153.59,0,0,0.0
FEIRA DE SANTANA,2910800,feirense,JOSE RONALDO DE CARVALHO,1304.425,616272,472.45,657948,97.4,0.712,14.16,2036599098.73,2026525528,27691.08,922,393,14.01
FILADELFIA,2910859,filadelfense,ANDRÉ LUIZ RIBEIRO MAIA,579.686,17897,30.87,18573,98.4,0.565,20.33,111909295.67,100441783.2,8543.03,0,0,0.0
FIRMINO ALVES,2910909,firmino-alvense,FABIANO DE JESUS SAMPAIO,172.353,4873,28.27,5006,95,0.578,30.3,41376066.66,41055308.47,12562.8,0,0,0.0
FLORESTA AZUL,2911006,floresta-azulense,HERMANIO LEONARDO SANTOS DA SILVA,321.013,11059,34.45,11442,92.8,0.557,14.93,46834895.51,49031200.66,9648.1,0,0,0.0
FORMOSA DO RIO PRETO,2911105,formosense,MANOEL AFONSO DE ARAÚJO,15634.328,25899,1.66,27421,97.3,0.618,14.71,307728848.88,273063696.9,176491.78,0,0,0.0
GANDU,2911204,ganduense,DAIANA SANTOS SANTANA,229.661,32178,140.11,33938,96.8,0.632,19.66,154817857.81,139354505.4,14071.41,0,0,0.0
GAVIAO,2911253,gavionense,LAURINDO NAZÁRIO DA SILVA,384.592,4360,11.34,4493,98.8,0.599,,28763578.48,26532857.4,11301.64,0,0,0.0
GENTIO DO OURO,2911303,gentiense,CICERO ELIZEU OLIVEIRA DA FRANCA,3817.946,10884,2.85,11263,97.9,0.559,,84456107.48,74224376.23,11827.29,0,0,0.0
GLORIA,2911402,gloriense,ENA VILMA PEREIRA DE SOUZA NEGROMONTE,1566.609,15524,9.91,16072,97.4,0.593,15.63,82042263.8,85475239.91,16667.38,0,0,0.0
GONGOGI,2911501,gongogiense,ADRIANO MENDONÇA PINHEIRO,202.194,5555,27.47,5567,96.8,0.576,,50850748.4,48599590.77,11159.75,0,0,0.0
GOVERNADOR MANGABEIRA,2911600,mangabeirense,MANUELA PEDREIRA RODRIGUES SILVA,106.848,20605,192.84,21314,95.6,0.643,18.38,92184387.69,89103089.59,10672.92,0,0,0.0
GUAJERU,2911659,guajeruense,JILVAN TEIXEIRA RIBEIRO,872.867,8050,9.22,8225,97.1,0.569,,40660128.28,38208580.84,10780.99,0,0,0.0
GUANAMBI,2911709,guanambiense,ARNALDO PEREIRA DE AZEVEDO,1272.366,87817,69.02,93065,97.8,0.673,9.23,364894280.58,340289395.2,19386.67,90,60,9.67
GUARATINGA,2911808,guaratinguense,RAFAEL GANDHI MARQUES DAS VIRGENS,2189.404,19049,8.7,19490,94.6,0.558,5.71,78280402.04,74428302.61,13590.15,0,0,0.0
HELIOPOLIS,2911857,heliopoliense,JOSE MENDONÇA DANTAS,314.669,12309,39.27,13074,98.3,0.563,15.75,66345410.49,61908787.44,10865.5,0,0,0.0
IACU,2911907,iaçuense,NIXON DUARTE MUNIZ FERREIRA,2342.497,24607,10.5,25333,97.8,0.574,15.72,123304840.59,120375165,9901.89,0,0,0.0
IBIASSUCE,2912004,ibiassuceense,TADEU PRADO REBOUÇAS PRATES,483.274,10429,21.58,10754,98.5,0.611,9.8,49173110.46,44774401.01,11182.71,0,0,0.0
IBICARAI,2912103,ibicaraiense,MONALISA GONCALVES TAVARES,230.953,21665,93.81,22200,98,0.625,13.39,96788133.85,88897560.69,9808.89,0,0,0.0
IBICOARA,2912202,ibicoarense,GILMADSON CRUZ DE MELO,817.355,20785,25.43,21690,96.3,0.591,15.82,123617923.54,106639862.7,22178.77,0,0,0.0
IBICUI,2912301,ibicuiense,SALOMÃO BRITO DE CERQUEIRA,1139.378,13934,12.23,14306,98.2,0.584,27.78,66157365.1,78369921.16,12074.07,0,0,0.0
IBIPEBA,2912400,ibipebense,RHALLBER VIEIRA DE SOUSA,1382.008,16603,12.01,17128,97.6,0.616,17.54,66418680.47,69669827.68,9651.64,0,0,0.0
IBIPITANGA,2912509,ibipitanguense,HUMBERTO RAIMUNDO RODRIGUES DE OLIVEIRA,954.373,13863,14.53,14316,96.9,0.584,17.7,71365083.73,65039816.77,7837.77,0,0,0.0
IBIQUERA,2912608,ibiquerense,CARLOS CEZAR DE ALMEIDA SANTOS QUEIROZ,698.245,3725,5.33,3837,96.2,0.511,24.39,29871951.72,27500570.25,9225.14,0,0,0.0
IBIRAPITANGA,2912707,ibirapitanguense,JEAN PEREIRA DE ASSUNÇÃO,472.664,25344,53.62,26794,95.9,0.558,16.95,108594309.7,102284459.1,12198.46,0,0,0.0
IBIRAPUA,2912806,ibirapuense,CARLA ANDREIA SOARES CHACARA,771.098,8896,11.54,9259,99.2,0.614,8.06,68107631.9,60932365.64,51568.29,0,0,0.0
IBIRATAIA,2912905,ibirataense,ALEXSANDRO FREITAS SILVA,318.129,18792,59.07,19375,97.6,0.576,14.93,91103257.45,84746728.7,14325.97,0,0,0.0
IBITIARA,2913002,ibitiarense,WILSON DOS SANTOS SOUZA,1834.002,14637,7.98,15062,96.2,0.585,23.81,70996160.18,74136084.57,6906.7,0,0,0.0
IBITITA,2913101,ibititaense,AFONSO FERREIRA MENDONÇA,573.033,16969,29.61,17509,96.6,0.602,5.62,72445684.76,69177830.3,9120.25,0,0,0.0
IBOTIRAMA,2913200,ibotiramense,LAERCIO SILVA DE SANTANA,1740.113,26309,15.12,27670,96.4,0.636,15.08,154102236.64,150091604.2,15348.75,0,0,0.0
ICHU,2913309,ichuense,JOSÉ GONZAGA CARNEIRO,138.016,6190,44.85,6415,98.4,0.631,17.86,39435621.74,33706704.27,9048.63,0,0,0.0
IGAPORA,2913408,igaporaense,NEWTON FRANCISCO NEVES COTRIM,836.586,15527,18.56,16047,97.3,0.614,,74887537.61,75365650.69,12664.23,0,0,0.0
IGRAPIUNA,2913457,igrapiunense,MANOEL RIBEIRO DOS SANTOS,591.312,13151,22.24,13528,97.2,0.574,13.51,73340949.24,70178890.25,16288.25,0,0,0.0
IGUAI,2913507,iguaiense,DAVID CÉSAR LOUZADA ÁLVARES MACEDO,860.223,21491,24.98,21897,94.1,0.552,7.07,89696860.02,83646092.85,9125.5,0,0,0.0
ILHEUS,2913606,ilheuense,VALDERICO LUIZ DOS REIS JÚNIOR,1588.555,178649,112.46,189028,96.7,0.69,11.82,773766422.15,667903865.7,32756,276,144,14.6
INHAMBUPE,2913705,inhambupense,HUGO CAVALCANTI REIS SIMÕES,1082.283,33790,31.22,35397,97.2,0.565,17.24,174075158.25,145645894.6,15368.34,0,0,0.0
IPECAETA,2913804,ipecaetense,ELCYDES PIAGGIO DE OLIVEIRA JUNIOR,372.565,13709,36.8,14064,96.1,0.55,,90367887.3,85406468.51,7390.06,0,0,0.0
IPIAU,2913903,ipiauense,LARYSSA ANDRADE SANTOS FERNANDES DIAS,280.454,40706,145.14,42507,97.4,0.67,15.63,177467128.02,168408124.2,12373.92,0,0,0.0
IPIRA,2914000,ipiraense,THIAGO OLIVEIRA DO VALE,3105.28,56876,18.32,59264,95.9,0.549,15.22,214942956.84,203678050.1,11216.33,0,0,0.0
IPUPIARA,2914109,ipupiarense,MARCUS VINICIUS RODRIGUES MORENO,1055.76,9935,9.41,10318,98.8,0.59,41.67,42793321.2,42526553.3,10101.62,0,0,0.0
IRAJUBA,2914208,irajubense,ANTONIO OLIVEIRA SAMPAIO,459.047,6101,13.29,6255,98.2,0.576,16.67,45024937.14,45332973.99,10689.38,0,0,0.0
IRAMAIA,2914307,iramaense,AGRIPINO RAMOS DA SILVA,1708.115,10752,6.29,11060,97.3,0.571,9.71,50998760.2,46234817.24,13042.63,0,0,0.0
IRAQUARA,2914406,iraquarense,WALTERSON RIBEIRO COUTINHO,991.822,23879,24.08,24759,99.1,0.599,5.68,121514303.58,117446605.3,34878.97,0,0,0.0
IRARA,2914505,iraraense,NASSARA MENEZES DE SANTANA,267.88,28043,104.68,29509,98.7,0.62,16.39,131956829.31,124131164.6,9764.11,0,0,0.0
IRECE,2914604,ireceense,MURILO FRANCA PAIVA SILVA,319.174,74507,233.44,78425,96.4,0.691,15.41,315310903.88,303697793,20694.32,90,60,11.48
ITABELA,2914653,itabelense,RICARDO DE JESUS FLAUZINO,924.914,28165,30.45,29563,95.8,0.599,10.35,140689126.07,141330421.8,16648.04,0,0,0.0
ITABERABA,2914703,itaberabense,JOÃO ALMEIDA MASCARENHAS FILHO,2386.39,65073,27.27,68244,96.2,0.62,10.31,260259306.31,287594935.6,15384.75,135,30,19.78
ITABUNA,2914802,itabunense,AUGUSTO NARCISO CASTRO,401.028,186708,465.57,196676,96.6,0.712,24.25,980625545.43,972667975.7,19618.7,272,177,13.83
ITACARE,2914901,itacareense,EDSON ARANTE SANTOS MENDES,726.265,27704,38.15,29337,94.7,0.583,25.86,139625550.26,134961865.4,14680.53,0,0,0.0
ITAETE,2915007,itaeteense,ZENILDO MATOS DE OLIVEIRA,1331.822,13472,10.12,13822,98.1,0.572,10.53,68987053.38,66573979.03,7842.24,0,0,0.0
ITAGI,2915106,itagiense,SAULO ISLAN SANTOS SOLEDADE,310.621,13803,44.44,14314,95.6,0.543,,70431578.67,64838414.54,10595.26,0,0,0.0
ITAGIBA,2915205,itagibaense,MARCOS VALÉRIO BARRETO,810.994,15310,18.88,15792,95.4,0.589,11.36,143870179.6,149604975.9,76971.85,0,0,0.0
ITAGIMIRIM,2915304,itagimiriense,LUIZ CARLOS JÚNIOR SILVA DE OLIVEIRA,876.8,6347,7.24,6512,96.2,0.634,14.08,49797887.39,47275056.39,18787.88,0,0,0.0
ITAGUACU DA BAHIA,2915353,itaguaçuense,ADÃO ALVES DE CARVALHO FILHO,4310.238,12311,2.86,12683,96.9,0.562,18.29,120819177.89,112026020.9,10422.22,0,0,0.0
ITAJU DO COLONIA,2915403,itajuense,ELDER MARQUES FONTES,1225.287,6037,4.93,6157,98.4,0.592,,37441076.24,35806558.53,13741.79,0,0,0.0
ITAJUIPE,2915502,itajuipense,LEANDRO JUNQUILHO CUNHA,270.752,18781,69.37,19249,96.3,0.599,19.32,88990247.43,84820835.56,12583.72,0,0,0.0
ITAMARAJU,2915601,itamarajuense,JORGE LUIS COSTA SULZ DE ALMEIDA,2360.584,59605,25.25,62065,95.7,0.627,16.5,267498673.41,247864967.3,17246.19,0,0,0.0
ITAMARI,2915700,itamariense,EVERTON BORGES VASCONCELOS,143.479,7051,49.14,7219,95.9,0.578,8.7,35429746.93,33883678.77,12969.76,0,0,0.0
ITAMBE,2915809,itambeense,JOSÉ CÂNDIDO ROCHA ARAÚJO,1534.575,24394,15.9,25108,96,0.578,3.95,115766411.23,109455336.6,13117.21,0,0,0.0
ITANAGRA,2915908,itanagrense,MARCUS GUSTAVO DE SOUZA SARMENTO,533.634,5914,11.08,6087,98.1,0.584,11.11,43150547.54,50735869.79,12733.07,0,0,0.0
ITANHEM,2916005,itanhense,MILTON FERREIRA GUIMARÃES,1394.174,17813,12.78,18258,97.7,0.637,27.78,80736780.83,80624932.76,15276.69,0,0,0.0
ITAPARICA,2916104,itaparicano,JOSÉ ELIAS DAS VIRGENS OLIVEIRA,121.373,19789,163.04,20369,98.3,0.67,15.81,108736946.84,104274062.5,11005.21,0,0,0.0
ITAPE,2916203,itapeense,REINALDO MARTINS DE ALMEIDA,453.144,10341,22.82,10658,96.1,0.599,19.8,48097114.32,45220324,12829.96,0,0,0.0
ITAPEBI,2916302,itapebiense,ISAN DO NASCIMENTO BOTELHO,1031.879,9174,9.06,9501,97.4,0.572,8.62,66420628.83,61106208.48,32993.84,0,0,0.0
ITAPETINGA,2916401,itapetinguense,EDUARDO JORGE ALMEIDA HAGGE,1651.158,65897,39.91,68735,96.8,0.667,20.36,264894013.73,265901862.1,18952.34,27,27,3.93
ITAPICURU,2916500,itapicuruense,JOSÉ MOREIRA DE CARVALHO NETO,1557.685,31679,20.34,33254,95.6,0.486,25.64,174963924.47,175524069.2,12139.08,0,0,0.0
ITAPITANGA,2916609,itapitanguense,GLISLAINE DÓREA ALVES,420.663,10279,24.44,10630,97,0.571,28.99,53284436.55,50808108.97,9207.43,0,0,0.0
ITAQUARA,2916708,itaquarense,ROGÉRIO RODRIGUES DOS SANTOS,344.093,8153,23.69,8448,94.5,0.553,25,37594382.65,36386368.28,12028.25,0,0,0.0
ITARANTIM,2916807,itarantinense,FABIO PEREIRA GUSMAO,1674.029,17052,10.19,17517,96.6,0.61,12.82,93680589.09,80339653.94,16610.89,0,0,0.0
ITATIM,2916856,itatinhense,DAIANE SILVA DOS ANJOS,547.51,15737,28.74,16375,97.9,0.582,5.52,98608209.51,84956508.54,29483.13,0,0,0.0
ITIRUCU,2916906,itiruçuense,UBIRATAN MORAES DA SILVA,322.243,10999,34.13,11261,96.7,0.6,8.47,8012886.48,14246046.08,9672.65,0,0,0.0
ITIUBA,2917003,itiubense,JOSE FRANCISCO DOS SANTOS FILHO,1650.593,33872,20.52,35491,95.5,0.544,26.51,160732715.6,147485218.9,9731.99,0,0,0.0
ITORORO,2917102,itororoense,ADAUTO OLIVEIRA DE ALMEIDA,313.839,16617,52.95,16945,98.6,0.594,18.07,77628601.19,80713729.53,12310.7,0,0,0.0
ITUACU,2917201,ituaçuense,PHELLIPE RAMONN GONÇALVES BRITO,1199.374,17914,14.94,18493,98.2,0.57,17.24,90509955.28,85414685.43,13448.72,0,0,0.0
ITUBERA,2917300,ituberense,REGES JONAS ARAGAO SANTOS,415.428,21902,52.72,22299,97.8,0.606,12.05,109972944.49,109089110.6,12734.98,0,0,0.0
IUIU,2917334,iuiuense,NUCIVALDA AMERICA DA SILVA,1532.703,11118,7.29,11532,98.3,0.591,17.24,58703695.27,52922333.32,12087.01,0,0,0.0
JABORANDI,2917359,jaborandiense,MARCOS ANTÔNIO MATOS DA SILVA,9955.113,9275,0.93,9592,96.1,0.613,17.75,112302833.5,94027084.15,164407.7,0,0,0.0
JACARACI,2917409,jacaraciense,DEUSDEDIT CARVALHO ROCHA,1332.42,14436,10.83,14901,98.3,0.593,7.63,64360197.73,64140039.18,8274.98,0,0,0.0
JACOBINA,2917508,jacobinense,VALDICE CASTRO VIEIRA DA SILVA,2192.905,82590,37.66,86649,97.3,0.649,10.92,417675694.34,413335890.9,23131.75,27,27,3.12
JAGUAQUARA,2917607,jaguaquarense,EDIONE OLIVEIRA AGOSTINONE,924.512,45964,49.72,47738,94.7,0.58,9.2,186984697.86,184378578.5,12349.81,0,0,0.0
JAGUARARI,2917706,jaguarariense,ANTÔNIO FERREIRA DO NASCIMENTO,2466.009,32703,13.26,34440,98.3,0.659,9.93,210232755.5,195415521.6,35329.66,0,0,0.0
JAGUARIPE,2917805,jaguaripense,FÁBIO NONATO BARBOSA,863.424,17659,20.45,18300,97.6,0.556,23.26,99341826.02,94091469.37,10789.9,0,0,0.0
JANDAIRA,2917904,jandairense,GILDASIO MENDES LOPES,640.772,9285,14.49,9535,99,0.55,8.7,64466495.92,61972924.94,15659.59,0,0,0.0
JEQUIE,2918001,jequieense,ZENILDO BRANDÃO SANTANA,2969.039,158813,53.49,168733,97.4,0.665,14.34,701486186.67,730273756.6,20325.74,210,198,12.45
JEREMOABO,2918100,jeremoabense,JOÃO BATISTA MELO DE CARVALHO,4267.488,37626,8.82,39501,97.2,0.547,8.64,168691998.47,162758352.9,12278.09,0,0,0.0
JIQUIRICA,2918209,jiquiriçaense,LUCAS LEAL DOS SANTOS BARRETO,238.66,13629,57.11,14066,97.8,0.553,,84426353.59,90390033.21,10314.26,0,0,0.0
JITAUNA,2918308,jitaunense,MARCELO PECORELLI GOMES,262.05,14355,54.78,14815,96.7,0.575,26.85,91023442.34,86861964.82,16772.13,0,0,0.0
JOAO DOURADO,2918357,joão-douradense,DIAMERSON COSTA CARDOSO DOURADO,913.258,24854,27.21,25799,96.5,0.593,18.42,110141998.19,122632534.9,11604.44,0,0,0.0
JUAZEIRO,2918407,juazeirense,MARCOS ANDREI SOUZA GONÇALVES DA SILVA,6721.237,237821,35.38,254481,96.7,0.677,14.01,1095717280.4,1053449054,23601.32,209,153,8.21
JUCURUCU,2918456,jucuruçuense,ARIVALDO DE ALMEIDA COSTA,1457.656,9655,6.62,9944,91.5,0.541,,47846156.59,47377753.17,14417.25,0,0,0.0
JUSSARA,2918506,jussarense,TACIANO MENDES DA SILVA,1355.173,16354,12.07,16956,97.2,0.571,26.46,77595233.62,71432802.65,7456.05,0,0,0.0
JUSSARI,2918555,jussariense,ORLEANS MASCARENHAS DOS SANTOS,329.19,5888,17.89,6059,94.5,0.567,,43173482.33,39667148.34,12528.13,0,0,0.0
JUSSIAPE,2918605,jussiapense,JOSÉ SANTOS LUZ,589.763,7379,12.51,7585,98.4,0.602,,37880030.31,34673275.03,11898.43,0,0,0.0
LAFAIETE COUTINHO,2918704,lafaietense,FLÁVIO BRANDÃO SANTANA,498.11,4075,8.18,4221,99.1,0.599,,36216167.7,35301011.95,15087.98,0,0,0.0
LAGOA REAL,2918753,lagoa-realense,JOSÉ CARLOS TRINDADE DUCA,912.222,14105,15.46,14546,97.5,0.545,9.01,58366000.92,58901448.07,7536.82,0,0,0.0
LAJE,2918803,lajista,JACIARA REIS DOS SANTOS,449.834,21052,46.8,21704,96.9,0.586,8.51,116484213.43,110819240.5,12075.74,0,0,0.0
LAJEDAO,2918902,lajedãoense,ARISTON ALMEIDA PASSOS FILHO,624.353,3845,6.16,3986,98.7,0.632,,32463371.53,31957202.52,28301.41,0,0,0.0
LAJEDINHO,2919009,lajedinhense,ANTONIO MARIO LIMA SILVA,846.728,3527,4.17,3621,97.5,0.546,,32395621.75,27219697.76,16301.42,0,0,0.0
LAJEDO DO TABOCAL,2919058,lagedense,ANTÔNIO MARCOS ARAÚJO DE SENA,382.936,7494,19.57,7702,97.8,0.584,,49488505.86,47792514.59,9120.23,0,0,0.0
LAMARAO,2919108,lamarãoense,MARIA LUZINEIDE COSTA SILVA DE ARAUJO,189.259,9015,47.63,9305,95.2,0.518,,43852739.17,42126050.93,8049.98,0,0,0.0
LAPAO,2919157,lapoense,MARCIO ANTONIO MESSIAS DA SILVA,642.882,25736,40.03,26998,97,0.596,5.38,147721817.67,128434744.9,11066.55,0,0,0.0
LAURO DE FREITAS,2919207,lauro-freitense,DÉBORA REGIS DOS SANTOS FILHA,57.942,203331,3509.22,217960,97.2,0.754,16.31,1005185594.81,937404473.2,35778.64,279,219,12.8
LENCOIS,2919306,lençoense,VANESSA DOS ANJOS TELES SENNA,1282.98,10774,8.4,11170,97.2,0.623,58.25,66700974.35,68921261.1,14642.25,0,0,0.0
LICINIO DE ALMEIDA,2919405,licínio-de-almeidense,RONEY FRANCISCO COTRIM,856.626,11834,13.81,12208,98.4,0.621,15.75,51387419.37,53899686.45,12747.54,0,0,0.0
LIVRAMENTO DE NOSSA SENHORA,2919504,livramentense,JOANINA BATISTA SILVA MORAIS SAMPAIO,1952.51,43903,22.49,46249,98.1,0.611,3.99,172041983.03,154030370.9,12415.24,0,0,0.0
LUIS EDUARDO MAGALHAES,2919553,luiseduardense,ONDUMAR FERREIRA BORGES JUNIOR,4033.04,107909,26.74,116662,96.4,0.716,8.04,675812464.98,631986763.3,95182.4,138,0,11.83
MACAJUBA,2919603,macajubense,LUCIANO PAMPONET DE SOUSA,701.171,10454,14.91,10758,97.6,0.524,16.67,65722700.28,67845526.2,8021.62,0,0,0.0
MACARANI,2919702,macaraniense,SELMA RODRIGUES SOUTO,1210.106,21599,17.85,22596,96.7,0.605,,80088117.72,74643124.05,11918.82,0,0,0.0
MACAUBAS,2919801,macaubense,ALOÍSIO MIGUEL REBONATO,2459.102,41859,17.02,43725,97.9,0.609,19.27,179375887.26,188171505.2,8545.27,0,0,0.0
MACURURE,2919900,macururense,LEANDRO BERGUE GOMES DA CRUZ,2545.856,7256,2.85,7455,97.1,0.604,10.75,45630191.4,44707944.95,8711.97,0,0,0.0
MADRE DE DEUS,2919926,madre-deusense,DAILTON RAIMUNDO DE JESUS FILHO,33.032,18504,574.64,19173,98.5,0.708,11.11,292950796.5,262744060.9,23697.45,0,0,0.0
MAETINGA,2919959,maetinguense,SERGIO BARROS MOREIRA,614.834,6973,11.34,7212,96.8,0.538,16.95,34790601.46,39134603.15,21006.45,0,0,0.0
MAIQUINIQUE,2920007,maiquiniquense,VALERIA FERREIRA SILVEIRA MOREIRA,588.297,8731,14.84,9011,98.1,0.576,36.7,45758867.12,45455619.91,19907.79,0,0,0.0
MAIRI,2920106,mairiense,GUSTAVO ALVES FERREIRA CARNEIRO,906.68,17674,19.49,18161,98,0.572,,76493957.63,79748842.8,8568.25,0,0,0.0
MALHADA,2920205,malhadense,GIMMY EVERTON MOURARIA RAMOS,1971.632,15398,7.78,15834,97.4,0.562,8.7,79538280.01,74565687.36,11144.59,0,0,0.0
MALHADA DE PEDRAS,2920304,malhada-pedrense,CARLOS ROBERTO SANTOS DA SILVA,550.55,8670,15.75,8972,97.4,0.578,10.75,56091725.36,53572708.84,9685.22,0,0,0.0
MANOEL VITORINO,2920403,manoel-vitorinense,VINICIUS COSTA BISPO DE SENA,2201.764,13860,6.29,14295,98.2,0.566,7.25,57506268.18,57174179.35,10804.93,0,0,0.0
MANSIDAO,2920452,mansidãoense,JUVIO FERREIRA DE OLIVEIRA,3129.588,13919,4.45,14484,99.3,0.599,39.47,60118726.81,53135459.74,6778.15,0,0,0.0
MARACAS,2920502,maracaense,NELSON LUIZ DOS ANJOS PORTELA,2413.27,27620,11.45,29197,97.2,0.607,13.25,130548464.46,124076677.6,32865.72,0,0,0.0
MARAGOGIPE,2920601,maragogipano,VALNICIO ARMEDE RIBEIRO,437.61,35859,81.94,37225,96.8,0.621,12.38,158478162.12,164995763.8,8971.96,0,0,0.0
MARAU,2920700,marauense,ISRAVAN LEMOS BARCELOS,848.885,24527,28.89,25626,95,0.593,15.56,115920150.83,113302173.8,16520.48,0,0,0.0
MARCIONILIO SOUZA,2920809,marcionilense,HERMINIO JOSE OLIVEIRA MERCES,1099.283,9267,8.43,9507,96.1,0.561,17.86,64034476.68,59485779.61,9115.8,0,0,0.0
MASCOTE,2920908,mascotense,SEBASTIÃO MOREIRA CARVALHO,742.688,13544,18.24,13941,95,0.581,32,70404985.36,64978989.58,11858.24,0,0,0.0
MATA DE SAO JOAO,2921005,matense,AGOSTINHO BATISTA DOS SANTOS NETO,605.168,42566,70.34,44839,98.1,0.668,10.79,412722182.89,416945129.3,27889.83,0,0,0.0
MATINA,2921054,matinense,OLGA GENTIL DE CASTRO CARDOSO,773.28,10330,13.36,10629,97.5,0.572,28.04,58690017.74,54269821.97,7422.78,0,0,0.0
MEDEIROS NETO,2921104,medeirosnetense,ADALBERTO ALVES PINTO,1311.739,22194,16.92,22925,96.7,0.625,10.42,122252267.41,116901786.6,22632.21,0,0,0.0
MIGUEL CALMON,2921203,calmonense,MARINALDO SAMPAIO DE SOUZA FILHO,1599.672,24661,15.42,25317,97.5,0.586,26.14,127656349.94,94717003.8,10599.55,0,0,0.0
MILAGRES,2921302,milagrense,MARCOS QUEIROZ RIBEIRO,420.357,11071,26.34,11434,98.9,0.622,22.06,62720870.65,59243477.2,13287.94,0,0,0.0
MIRANGABA,2921401,mirangabense,DIRCEU MENDES RIBEIRO,1751.778,15734,8.98,16185,98.4,0.542,32.26,89684784.38,76384217.31,7602.4,0,0,0.0
MIRANTE,2921450,mirantense,EDNO SILVA NASCIMENTO,1172.861,10187,8.69,10523,97.3,0.527,20,47486409.72,44272198.47,9514.96,0,0,0.0
MONTE SANTO,2921500,monte-santense,SILVANIA SILVA MATOS,3034.197,47780,15.75,49823,98.1,0.506,21.56,254528872.04,250756853.4,9360.71,0,0,0.0
MORPARA,2921609,morparaense,NATALITO RIBEIRO DE ALCANTARA,2093.872,7996,3.82,8232,97.9,0.558,9.8,44191452.84,41831365.11,9281.16,0,0,0.0
MORRO DO CHAPEU,2921708,morrense,JULIANA PEREIRA ARAUJO LEAL,5744.969,33594,5.85,35224,96.5,0.588,12.76,213086970.81,194192593.2,17648.85,0,0,0.0
MORTUGABA,2921807,mortugabense,RITA DE CÁSSIA CERQUEIRA DOS SANTOS,528.214,11143,21.1,11487,99.7,0.618,8.55,56063194.9,52674882.6,8854.99,0,0,0.0
MUCUGE,2921906,mucugeense,ANA OLIMPIA HORA MEDRADO,2462.689,12137,4.93,12650,97.5,0.606,22.99,84296776.79,77534319.78,88818.38,0,0,0.0
MUCURI,2922003,mucuriense,ROBERTO CARLOS FIGUEIREDO COSTA,1787.626,37977,21.24,40005,94.1,0.665,7.04,264738916.23,243904719.8,51787.26,0,0,0.0
MULUNGU DO MORRO,2922052,mulunguense,ACÁCIO TELES DOS SANTOS,646.621,13152,20.34,13625,98.4,0.566,5.18,70263568.86,67330533.12,20336.37,0,0,0.0
MUNDO NOVO,2922102,mundo-novense,ANA PAULA DE OLIVEIRA COSTA,1491.99,17305,11.6,17417,96.5,0.59,6.45,99431108.69,91885185.55,7337.41,0,0,0.0
MUNIZ FERREIRA,2922201,ferreirense,GILENO PEREIRA DOS SANTOS,104.54,7190,68.78,7443,98.2,0.617,29.85,45429018.47,42596933.27,8950.97,0,0,0.0
MUQUEM DO SAO FRANCISCO,2922250,sanfranciscano,AILSON DE SOUZA SELIS,3852.111,10443,2.71,10796,97.1,0.549,18.52,68698395.71,62764935.82,18319.58,0,0,0.0
MURITIBA,2922300,muritibano,ROSILVANDA OLIVEIRA REIS,86.312,28707,332.6,30146,96.7,0.66,9.71,157376155.59,145528571.6,9407.81,0,0,0.0
MUTUIPE,2922409,mutuipense,JOÃO CARLOS RAUEDYS CARDOSO DA SILVA,275.854,20037,72.64,20612,98.7,0.601,4.07,90835244.71,84914794.76,21100.38,0,0,0.0
NAZARE,2922508,nazareno,CARLOS BENON SAMPAIO CARDOSO,278.629,27060,97.12,28403,96.9,0.641,12.5,188711858.22,172105470.4,11540.19,0,0,0.0
NILO PECANHA,2922607,nilo-peçanhense,JACQUELINE SOARES DE OLIVEIRA,388.936,12063,31.02,12418,94.9,0.547,12.58,89339049.11,83921310.68,13139.06,0,0,0.0
NORDESTINA,2922656,nordestinense,ELIETE DE ANDRADE ARAUJO,465.407,18523,39.8,19500,98.7,0.56,6.37,83044393.48,81466215.18,12189.34,0,0,0.0
NOVA CANAA,2922706,canaense,WADSON OLIVEIRA ROCHA,804.617,13715,17.05,14035,96.9,0.545,23.81,78354443.49,78966624.43,10572.94,0,0,0.0
NOVA FATIMA,2922730,fatimense,JOSE DE ASSIS DE OLIVEIRA PORTO,346.784,7967,22.97,8264,98.5,0.597,13.33,39032431.1,34982944.17,12158.12,0,0,0.0
NOVA IBIA,2922755,nova-ibiaense,MARCIO TARANTINE SOUZA SAMPAIO,203.198,6501,31.99,6701,97,0.57,,42022282.61,40623720.24,15600.07,0,0,0.0
NOVA ITARANA,2922805,nova-itaranense,ELMO RICARDO GALVAO DE SOUZA SILVA,475.381,7780,16.37,8059,97.4,0.524,,59343927.32,54683769.58,8800.02,0,0,0.0
NOVA REDENCAO,2922854,nova-redençoense,ADEMAR MARTINS DE OLIVEIRA FILHO,565.356,7538,13.33,7708,95.1,0.567,23.81,37782635.84,36385997.99,8283.67,0,0,0.0
NOVA SOURE,2922904,nova-souriense,ALAN CAMILO BARRETO REIS,966.993,24236,25.06,24906,97.6,0.555,25.97,112527932.9,106168340.5,10047.07,0,0,0.0
NOVA VICOSA,2923001,nova-viçosense,LUCIANA SOUSA MACHADO RODRIGUES,1316.379,39509,30.01,41551,97,0.654,11.56,179857354.15,167164581.3,13040.8,0,0,0.0
NOVO HORIZONTE,2923035,novo-horizontino,ROGERIO DE OLIVEIRA PRADO,627.5,11162,17.79,11565,97.4,0.597,14.71,65185860.27,59712855.91,8316.99,0,0,0.0
NOVO TRIUNFO,2923050,novo-triunfense,MATHEUS BARROS DE SANTANA,299.125,10660,38.28,11197,94.6,0.554,,80538511.66,73267978.12,6729.14,0,0,0.0
OLINDINA,2923100,olindinense,LUIZ ALBERTO ARAÚJO DANTAS FILHO,637.317,22633,35.51,23085,91.4,0.559,8.2,109451593.65,98197148.29,8535.66,0,0,0.0
OLIVEIRA DOS BREJINHOS,2923209,brejinhense,CLERISTON UAIDE REIS GUEDES PEREIRA,3313.418,20715,6.25,21334,97.8,0.554,3.98,99343064.02,128103250,13393.04,0,0,0.0
OURICANGAS,2923308,ouriçanguense,RONIVALDO CERQUEIRA DE ARAÚJO,156.982,7716,49.15,7939,98.7,0.607,,53337487.02,57057468.53,9404.52,0,0,0.0
OUROLANDIA,2923357,ourolandense,JOSÉ RAIMUNDO ARAUJO DE SOUZA,1544.988,19243,12.46,20037,97.7,0.56,9.13,111198796.81,100074063,15949.53,0,0,0.0
PALMAS DE MONTE ALTO,2923407,monte-altense,MARCOS TULIO LARANJEIRA ROCHA,2560.027,20078,7.84,20677,99,0.586,13.95,86693022.52,79433503.56,10905.54,0,0,0.0
PALMEIRAS,2923506,palmeirense,WILSON JOSE DA ROCHA,737.797,10339,14.02,10819,96.2,0.643,31.25,46984146.53,43444267.75,11814.68,0,0,0.0
PARAMIRIM,2923605,paramirinhense,JOÃO RICARDO BRASIL MATOS,1087.061,20351,18.72,21009,96.7,0.615,13.76,92554137.28,88005299.18,12441.24,0,0,0.0
PARATINGA,2923704,paratinguense,VITOR FERREIRA DE SANTANA,2624.998,29252,11.14,30671,98.9,0.59,31.66,132384088.48,130537365.7,8074.4,0,0,0.0
PARIPIRANGA,2923803,paripiranguense,TALISSON SANTA ROSA NASCIMENTO,442.186,26604,60.16,27866,97.4,0.577,18.45,117990169.55,115330303.8,15610.33,150,0,53.83
PAU BRASIL,2923902,pau-brasilense,ROBSON VENÂNCIO DO NASCIMENTO,626.306,9370,14.96,9584,96.9,0.583,28.17,43458501.89,43980896.42,11070.88,0,0,0.0
PAULO AFONSO,2924009,paulo-afonsino,MARIO CESAR BARRETO AZEVEDO,1544.388,112870,73.08,119128,96.4,0.674,11.79,474306494.04,472150513.8,33262.53,102,30,8.56
PE DE SERRA,2924058,pé-de-serrense,ZEDIVAN DE FREITAS RIOS,596.771,13243,22.19,13675,98,0.587,6.54,68454720.38,66966078.42,9712.24,0,0,0.0
PEDRAO,2924108,pedronense,MARCILIO MENEZES,158.488,6235,39.34,6415,98.3,0.588,,39412585.74,35307035.97,7028.06,0,0,0.0
PEDRO ALEXANDRE,2924207,pedro-alexandrense,YURI CESAR DE ANDRADE MENEZES,889.572,13954,15.69,14288,94.4,0.513,26.74,77775932.09,80205298.3,7145.33,0,0,0.0
PIATA,2924306,piatãense,MARCOS PAULO SANTOS AZEVEDO,1825.856,20086,11,20859,98.6,0.571,28.67,113041529.56,107512657.1,14405.06,0,0,0.0
PILAO ARCADO,2924405,pilão-arcadense,LEOSMIR ATANAZIO GAMA,11597.936,35357,3.05,37272,95.8,0.506,13.44,148847468.9,149978567,8255.65,0,0,0.0
PINDAI,2924504,pindaiense,JOÃO EVANGELISTA VEIGA PEREIRA,628.469,14731,23.44,15146,98.5,0.603,15,75263724.95,70556121.13,18183.92,0,0,0.0
PINDOBACU,2924603,pindobaçuense,DAVID MENEZES FARIAS,495.845,19083,38.49,19625,98.6,0.577,7.91,114111381.55,107229188.5,7836.92,0,0,0.0
PINTADAS,2924652,pintadense,VALCYR ALMEIDA RIOS,647.144,10325,15.95,10656,96.7,0.612,12.2,48069890.74,45722241.79,10561.22,0,0,0.0
PIRAI DO NORTE,2924678,piraiense,HELITON FABIANO TAVARES DA SILVA PEREIRA,193.427,10974,56.73,11429,95.4,0.533,10.75,45479391.1,45811797.43,11643.35,0,0,0.0
PIRIPA,2924702,piripaense,CRISTIANO SANTOS SILVA,504.395,9152,17.88,9255,97.3,0.575,,50665068.87,43844273.2,7744.84,0,0,0.0
PIRITIBA,2924801,piritibano,LEANDRA BELITARDO BARRETTO DE ANDRADE LIMA,980.328,17566,17.92,17838,97.9,0.578,11.63,81507793.05,80123922.9,7467.76,0,0,0.0
PLANALTINO,2924900,planaltinense,RONALDO LISBOA DA SILVA,955.454,8022,8.4,8254,96.6,0.572,,44407893.16,41943103.18,8412.61,0,0,0.0
PLANALTO,2925006,planaltense,CLOVES ALVES ANDRADE,769,23334,30.34,24036,97.1,0.56,10.45,97066456.82,90993782.82,11658.15,0,0,0.0
POCOES,2925105,poçoense,IRENILDA CUNHA DE MAGALHÃES,937.855,48293,51.49,50642,96.5,0.604,10.68,175787225.37,170315430.2,12232.18,0,0,0.0
POJUCA,2925204,pojucano,LUIZ CARLOS COSTA TRINCHÃO,314.932,32136,102.04,33608,96.7,0.666,16.04,278825144.4,274379092.9,45629.19,0,0,0.0
PONTO NOVO,2925253,ponto-novense,FABIANE AZEVEDO MAIA DE OLIVEIRA,530.143,17938,33.84,18670,98.1,0.58,19.61,101461532.04,96559330.4,9683.61,0,0,0.0
PORTO SEGURO,2925303,porto-segurense,JANIO NATAL ANDRADE BORGES,2285.734,168326,73.64,181007,96.9,0.676,13.33,866773784.94,770120658.8,24702.76,120,60,6.63
POTIRAGUA,2925402,potiragüense,ELIAS DE CARVALHO FILHO,1111.567,10274,9.24,10636,97.6,0.625,9.8,44262736.13,44600826.94,17359.62,0,0,0.0
PRADO,2925501,pradense,GILVAN DA SILVA SANTOS,1692.1,35003,20.69,37241,96.5,0.621,13.08,169880060.21,170367021.4,22139.06,0,0,0.0
PRESIDENTE DUTRA,2925600,presidutrense,ROBERTO CARLOS ALVES DE SOUZA,232.064,15130,65.2,15650,96,0.614,12.5,69454041.7,65572327.32,8707.33,0,0,0.0
PRESIDENTE JANIO QUADROS,2925709,janio-quadrense,LELIO ALVES BRITO JUNIOR,1208.566,12621,10.44,12986,97,0.542,41.32,58369939.57,56092151.4,8347.41,0,0,0.0
PRESIDENTE TANCREDO NEVES,2925758,tancredense,JOSUE PAULO DOS SANTOS FILHO,441.82,27734,62.77,29343,97.5,0.559,10.55,129614633.37,125720598.7,11967.89,0,0,0.0
QUEIMADAS,2925808,queimadense,RICARDO MARCOS BATISTA LOPES,2011.06,25988,12.92,27362,98,0.592,19.61,109906114.09,104068634.7,10141.66,0,0,0.0
QUIJINGUE,2925907,quijinguense,JOSÉ ROMERO ROCHA MATOS FILHO,1380.798,25272,18.3,26457,98.4,0.544,19.42,114923548.76,118717165.9,8232.09,0,0,0.0
QUIXABEIRA,2925931,quixabeirense,EDINALDO OLIVEIRA RIOS,366.387,9461,25.82,9815,98.6,0.578,24.69,70251374.37,72706651.53,8623.21,0,0,0.0
RAFAEL JAMBEIRO,2925956,jambeirense,MARINALVO FERNANDES SERRA,1090.552,19662,18.03,20146,96.3,0.564,,97711291.8,90183031.22,17496.89,0,0,0.0
REMANSO,2926004,remansense,MARCOS CARVALHO PALMEIRA,4573.505,40586,8.87,42746,96.3,0.579,13.06,166188480.79,158280978.6,11780.33,30,30,7.02
RETIROLANDIA,2926103,retirolandense,JOSÉ EGNILDO DOS SANTOS,242.329,13651,56.33,14147,98.5,0.636,9.95,68142134.79,61975221.74,10276.38,0,0,0.0
RIACHAO DAS NEVES,2926202,riachão-nevense,MOAB NASCIMENTO DE SANTANA,5969.305,21642,3.62,22323,95,0.578,22.81,155144152.45,144196351.2,68947.75,0,0,0.0
RIACHAO DO JACUIPE,2926301,jacuipense,JOSÉ CARLOS DE MATOS SOARES,1155.419,33386,28.9,35118,98.3,0.628,10.18,115851805.54,109278974.5,12249.9,0,0,0.0
RIACHO DE SANTANA,2926400,riachense,JOAO VITOR MARTINS LARANJEIRA,3183.909,30711,9.65,32103,96.8,0.615,3.44,118169474.43,117662462.8,8884.2,0,0,0.0
RIBEIRA DO AMPARO,2926509,amparense,TETIANA DE PAULA FONTES CEDRO BRITTO,666.038,13841,21.48,14525,98.8,0.512,13.61,75151986.15,73630351.25,13146.19,0,0,0.0
RIBEIRA DO POMBAL,2926608,pombalense,ERIKSSON SANTOS SILVA,1228.126,54010,43.13,56170,96.6,0.601,18.59,220207324.24,211544439.2,13246.03,42,30,7.48
RIBEIRAO DO LARGO,2926657,ribeirense,JESUINA MOREIRA BORGES,1363.7,9740,7.14,10039,97.7,0.54,9.52,53079191.46,48967414.7,22675.04,0,0,0.0
RIO DE CONTAS,2926707,rio-contense,CELIO EVANGELISTA DA SILVA,1115.252,13184,11.82,13627,97.9,0.605,25.42,54080189.14,58654480.12,12108.56,0,0,0.0
RIO DO ANTONIO,2926806,rio-antoniense,GERSON DE SOUZA RIBEIRO,777.904,13146,16.9,13520,96.5,0.576,21.28,65742450.39,70324381.36,7454.11,0,0,0.0
RIO DO PIRES,2926905,rio-pirense,JOSE MARCOS PEREIRA,656.223,10497,16,10801,97.2,0.594,42.25,47782220.55,45266905.42,8603.79,0,0,0.0
RIO REAL,2927002,rio-realense,GIANCARLO ALVES DE ALCANTARA SOUZA,739.775,35362,47.8,36997,97.5,0.572,20.55,151795763.7,155952829.6,25033,0,0,0.0
RODELAS,2927101,rodelense,EMANUEL RODRIGUES FERREIRA,2207.159,10308,4.67,10801,96.5,0.632,19.87,58480017.15,53216948.37,15034.87,0,0,0.0
RUY BARBOSA,2927200,rui-barbosense,NEY DIAS,1991.772,28282,14.2,29606,97.9,0.61,11.66,124183701.86,139733704.3,12712.32,30,0,10.13
SALINAS DA MARGARIDA,2927309,salinense,MARIA DE FÁTIMA PÊPE CERQUEIRA,150.569,14987,99.54,15568,97.9,0.617,28.41,95275418.77,84922324.71,12550.18,0,0,0.0
SALVADOR,2927408,soteropolitano / salvadorense,BRUNO SOARES REIS,692.589,2417678,3486.49,2568928,95.9,0.759,17.15,11001277475.87,10933634803,21706.06,4717,2214,18.36
SANTA BARBARA,2927507,barbarense,EDIFRANCIO DE JESUS OLIVEIRA,347.021,20952,60.38,21723,99,0.583,26.46,91787637.78,91641240.09,8610.77,0,0,0.0
SANTA BRIGIDA,2927606,santa-brigidense,ELTON CARLOS MAGALHÃES,934.461,14965,16.01,15421,97.2,0.546,19.9,73471050.16,64584534.89,8574.39,0,0,0.0
SANTA CRUZ CABRALIA,2927705,santa-cruzense,GIRLEI LIMA NAZARETH,1462.942,29185,19.95,30862,96.4,0.654,13.92,160096213.94,151455390.7,19546.74,0,0,0.0
SANTA CRUZ DA VITORIA,2927804,santa-cruzense,MAURÍCIO LOPES DOS SANTOS,284.083,4681,16.48,4721,92,0.61,15.63,31808592.91,29431295.33,11405.46,0,0,0.0
SANTA INES,2927903,santinense,SANDRO SANTOS SILVA,374.525,10300,27.16,10628,98.3,0.574,29.7,73199391.6,68522925.96,7198.73,0,0,0.0
SANTALUZ,2928000,luzense,ARISMÁRIO BARBOSA JUNIOR,1623.445,37834,23.3,39922,97.5,0.598,14.06,184767317.15,185394457.1,13851.52,0,0,0.0
SANTA LUZIA,2928059,santa-luziense,FERNANDO SCHUELER BRITO,824.473,13896,16.85,14377,92.5,0.556,14.81,63384472.29,60165368.47,10098.66,0,0,0.0
SANTA MARIA DA VITORIA,2928109,santamariense,ANTONIO ELSON MARQUES DA SILVA,1984.91,38604,19.45,40467,98.9,0.614,21.1,180853356.36,186411935.9,15124.72,0,0,0.0
SANTANA,2928208,santanense,JOSÉ RAUL ALKMIM LEÃO,1909.353,24755,12.97,25520,99.7,0.608,11.03,116397506.06,101332960.6,12840.88,0,0,0.0
SANTANOPOLIS,2928307,santanopolinense,GILSON CERQUEIRA ALMEIDA,222.686,8716,39.14,9023,99,0.592,,49767184.18,49312612.99,7662.32,0,0,0.0
SANTA RITA DE CASSIA,2928406,santa-ritense,JOSÉ BENEDITO ROCHA ARAGÃO,6030.491,27390,4.54,28826,97.7,0.605,17.7,118990367.4,111492818.7,9998.2,0,0,0.0
SANTA TEREZINHA,2928505,santa-teresinhense,AGNALDO FIGUEIREDO ANDRADE,719.257,10441,14.52,10847,97.5,0.587,7.63,59311085.38,54285945.36,9640.48,0,0,0.0
SANTO AMARO,2928604,santamarense,FLAVIANO ROHRS DA SILVA BONFIM,494.502,56012,113.27,58413,98.2,0.646,16.82,226044373.37,215636783.5,18905.29,0,0,0.0
SANTO ANTONIO DE JESUS,2928703,santo-antoniense,GENIVAL DEOLINO SOUZA,261.74,103055,393.73,109267,97.4,0.7,17.03,392009750.31,356197644.8,23746.79,174,90,15.92
SANTO ESTEVAO,2928802,santo-estevense,TIAGO GOMES DIAS,360.334,52276,145.08,54940,97.7,0.626,10.9,259280324.44,224590509.7,17032.58,0,0,0.0
SAO DESIDERIO,2928901,são-desideriano,JOAO ANTONIO RODRIGUES LINHARES,15158.733,32828,2.17,34783,95.8,0.579,12.01,421391480.66,366975723.3,168146.14,0,0,0.0
SAO DOMINGOS,2928950,são-dominguense,ILARIO ANTONIO NETO RIOS CARNEIRO,289.963,8426,29.06,8693,97.7,0.64,21.28,39971202.67,46275455.72,9739.29,0,0,0.0
SAO FELIX,2929008,são-felista,JOSE GERALDO TOSTA ALBERGARIA DA SILVA,103.226,11026,106.81,11198,97.5,0.639,32.52,71731828.43,67056072.7,11695.55,42,36,37.51
SAO FELIX DO CORIBE,2929057,são-felense,TONI MARCOS SANTOS,1751.671,15194,8.67,15740,97.6,0.639,16.95,86464810.53,84285101.81,15338.81,0,0,0.0
SAO FELIPE,2929107,são-felipense,ANTÔNIO GREGÓRIO DE OLIVEIRA BARBOSA,222.407,20283,91.2,20918,99.7,0.616,22.99,113481452.29,103969594.6,10071.81,0,0,0.0
SAO FRANCISCO DO CONDE,2929206,franciscano,ANTONIO CARLOS VASCONCELOS CALMON,269.736,38733,143.61,40932,97.9,0.674,18.56,922705674.03,981144718.6,321810.96,0,0,0.0
SAO GABRIEL,2929255,são-gabrielense,MATEUS MACHADO ROCHA,1146.054,18600,16.23,19210,97.1,0.592,4.59,84227693.83,72764027.18,8139.76,0,0,0.0
SAO GONCALO DOS CAMPOS,2929305,são-gonçalense,TARCÍSIO TORRES PEDREIRA,294.768,39513,134.05,41909,97.8,0.627,9.2,145067031.23,141913198.2,30154.12,0,0,0.0
SAO JOSE DA VITORIA,2929354,são-joseense,RODSON PEREIRA COSTA,127.925,5315,41.55,5451,97.3,0.546,,30797508.54,27852485.39,12061.38,0,0,0.0
SAO JOSE DO JACUIPE,2929370,jacuipense,ALBERLAN PERIS MOREIRA DA CUNHA,362.365,10187,28.11,10556,98.5,0.552,9.09,58686885.21,55295409.34,12014.8,0,0,0.0
SAO MIGUEL DAS MATAS,2929404,miguelense,VALDELINO DE JESUS SANTOS,230.906,10334,44.75,10634,98.7,0.593,11.9,49909698.19,46192720.96,15046.12,0,0,0.0
SAO SEBASTIAO DO PASSE,2929503,sebastianense,MARIA NILZA DA MATA SANTANA,536.678,40958,76.32,42936,97.7,0.657,16.04,222362844.41,205689571.5,19080.47,0,0,0.0
SAPEACU,2929602,sapeaçuense,RAMON DE SENA SOUZA,131.218,17963,136.89,18609,98.1,0.614,4.78,131605465.19,123422894,12247.06,0,0,0.0
SATIRO DIAS,2929701,satirense,PEDRO RAIMUNDO SANTANA DA CRUZ,949.223,16008,16.86,16485,97.2,0.527,24.04,146505762.89,124373069,14878.8,0,0,0.0
SAUBARA,2929750,saubarense,FELIPE SUZART DA SILVA,166.428,11438,68.73,11842,98.4,0.617,21.74,64902429.09,71111759.85,12031.98,0,0,0.0
SAUDE,2929800,saudense,AUCICLEI COSTA RODRIGUES,509.098,10478,20.58,10715,97.1,0.549,,59157172.3,54618713.17,7948.36,0,0,0.0
SEABRA,2929909,seabrense,JOAQUIM INACIO DE SOUZA NETO,2402.17,46160,19.22,48530,98.1,0.635,16.06,170569608.01,189789063.8,14103.88,30,30,6.18
SEBASTIAO LARANJEIRAS,2930006,sebastianense,PEDRO ANTONIO PEREIRA MALHEIROS,1984.511,9360,4.72,9610,96.7,0.615,23.26,52540413.7,49916878.74,9256.21,0,0,0.0
SENHOR DO BONFIM,2930105,bonfinense,LAÉRCIO MUNIZ DE AZEVEDO JUNIOR,789.361,74523,94.41,77976,98,0.666,17.69,283612132.95,255744926.6,12512.82,60,30,7.69
SERRA DO RAMALHO,2930154,serra-malhense,ELI CARLOS DOS ANJOS SANTOS,2341.703,34222,14.62,36119,97.4,0.595,11.07,167284154.37,156869954.2,13121.69,0,0,0.0
SENTO SE,2930204,sento-seense,GISELDA CARVALHO DOS SANTOS RODRIGUES,11980.172,38154,3.18,40147,97.5,0.585,12.9,223214248.59,211892950.4,41541.36,0,0,0.0
SERRA DOURADA,2930303,serra-douradense,AUZENILDO SOUSA COSTA,1592.245,17066,10.72,17580,98.8,0.608,29.27,79268057.29,86415392.26,11590.91,0,0,0.0
SERRA PRETA,2930402,serra-pretense,FRANKLIN LEITE DA SILVA,595.297,17996,30.23,18685,98.1,0.566,,74894356.14,67257731.9,9506.26,0,0,0.0
SERRINHA,2930501,serrinhense,CYRO OLIVEIRA SILVA NOVAIS,583.311,80435,137.89,84428,97.3,0.634,13.21,326669759.28,323750551.2,13303.2,0,0,0.0
SERROLANDIA,2930600,serrolandense,GILDO MOTA BISPO,322.022,13335,41.41,13831,98.8,0.59,14.81,71296480.93,66112866.01,8781.78,0,0,0.0
SIMOES FILHO,2930709,simões-filhense,DEVALDO SOARES DE SOUZA,201.528,114559,568.45,120394,95.9,0.675,17.3,648334139.77,578555719.2,46196.74,30,0,2.49
SITIO DO MATO,2930758,sítio-matense,ALFREDO DE OLIVEIRA MAGALHÃES JUNIOR,1627.805,13408,8.24,13935,98.8,0.564,10.2,78719366.98,78164280.96,9156.98,0,0,0.0
SITIO DO QUINTO,2930766,sítio-quintense,BENEDITO JOSE DE JESUS REIS,656.837,14773,21.6,14359,97.9,0.533,18.87,65535355.72,58150485.63,10956.57,0,0,0.0
SOBRADINHO,2930774,sobradinhense,REGIS CLEIVYS SAMPAIO BENTO,1355.972,25475,18.79,26959,97.8,0.631,25.06,133372318.23,130403982.8,36229.7,0,0,0.0
SOUTO SOARES,2930808,souto-soarense,LUCAS TADEU DE OLIVEIRA,1026.634,17054,16.61,17674,97.1,0.592,37.91,79885785.92,80436080.99,7944.5,0,0,0.0
TABOCAS DO BREJO VELHO,2930907,taboquense,FLAVIO DA SILVA CARVALHO,1437.189,11979,8.34,12368,98.2,0.584,21.13,69896832.09,66123588.54,21439.63,0,0,0.0
TANHACU,2931004,tanhaçuense,VALDEMIR BRITO AGUIAR GONDIM,1277.515,21006,16.44,21741,98.2,0.577,25.53,77222354.93,77969339.2,12431.64,0,0,0.0
TANQUE NOVO,2931053,tanque-novense,PAULO RICARDO BONFIM CARNEIRO,729.516,17158,23.52,17770,98.4,0.599,8.16,104792780.6,88578037.68,10442.62,0,0,0.0
TANQUINHO,2931103,tanquinhense,JOSÉ LUIZ DOS SANTOS REIS,243.839,7717,31.65,7983,96,0.597,,38440376.36,34245599.65,8402.92,0,0,0.0
TAPEROA,2931202,taperoense,CHRISTIANNE MARY PEREIRA GUIMARÃES,454.081,18044,39.74,18571,96.1,0.566,12.2,100493254.64,94436081.17,10352.23,0,0,0.0
TAPIRAMUTA,2931301,tapiramutaense,ROBERTO VENÂNCIO DOS SANTOS,714.691,15818,22.13,16253,95,0.594,,83118520.97,75169336.59,8789.96,0,0,0.0
TEIXEIRA DE FREITAS,2931350,teixeirense,MARCELO GUSMÃO PONTES BELITARDO,1165.622,145216,124.58,153332,96.5,0.685,11.9,658578912.77,607475595.6,17504.82,270,174,17.61
TEODORO SAMPAIO,2931400,teodorense,JOÃO PAULO VAZ GÓES,244.613,7110,29.07,7301,95.8,0.594,,40525551.47,41764383.25,24308.53,0,0,0.0
TEOFILANDIA,2931509,teofilandense,HIGO MOURA MEDEIROS,351.892,21176,60.18,21827,96.8,0.566,22.22,101348108.57,92568036.17,8462.37,0,0,0.0
TEOLANDIA,2931608,teolandense,MARIA BAITINGA DE SANTANA,289.782,15332,52.91,15919,90.5,0.555,32.68,83417325.49,79226336.71,14358.22,0,0,0.0
TERRA NOVA,2931707,terra-novense,EDER SAO PEDRO MENEZES,193.241,10798,55.88,11035,96.7,0.578,54.95,57255724.1,52466003.64,13089.85,0,0,0.0
TREMEDAL,2931806,tremedalense,JOSE CARLOS VIEIRA BAHIA,2017.659,16296,8.11,16691,96.6,0.528,12.42,75448723.88,76706492.62,8360.65,0,0,0.0
TUCANO,2931905,tucanense,RICARDO MAIA CHAVES DE SOUZA FILHO,2198.237,48736,22.17,50959,98.2,0.579,14.57,213377908.23,217893352.6,10705.98,0,0,0.0
UAUA,2932002,uauaense,MARCOS HENRIQUE LOBO ROSA,3060.116,24665,8.06,25441,97.3,0.605,19.84,131640385.57,123505472.8,9798.34,0,0,0.0
UBAIRA,2932101,ubairense,UILDBERGER ALVES RABELO,663.891,18626,28.26,19162,97.8,0.582,23.26,89763123.54,82555254.22,11544.35,0,0,0.0
UBAITABA,2932200,ubaitabense,MARIA DAS GRAÇAS DE DEUS VIANA,181.102,17596,97.16,17967,95.8,0.611,37.19,90723003.37,87649261.08,13137.19,0,0,0.0
UBATA,2932309,ubatense,VINICIUS DO VALE DE SOUZA,177.643,16094,90.6,16097,94.5,0.593,17.75,86989219.45,82004853.34,8148.97,0,0,0.0
UIBAI,2932408,uibaiense,AIDERLENE ROCHA LEVI,545.298,13432,24.63,13880,97.7,0.617,,57934752.85,53061837.5,12659.64,0,0,0.0
UMBURANAS,2932457,umburanense,FABRICIO LOPES RIBEIRO DE ALMEIDA,1775.633,13642,7.68,13888,95.7,0.515,38.76,74794288.64,70201275.91,13434.87,0,0,0.0
UNA,2932507,unense,ROGERIO MARTINS BORGES,1126.733,18131,16.09,18403,96.8,0.56,20.41,107889281.77,111545422.4,18605.54,0,0,0.0
URANDI,2932606,urandiense,WARLEI OLIVEIRA DE SOUZA,902.402,15355,17.02,15794,98.1,0.598,18.18,82299806.68,75844673.67,11987.35,0,0,0.0
URUCUCA,2932705,uruçuquense,MAGNOLIA ANDRADE BARRETO,510.098,21420,41.99,22130,95.8,0.616,10.99,98114266.25,97063956.1,14575.09,0,0,0.0
UTINGA,2932804,utinguense,ATILA SANT ANA KARAOGLAN,633.76,16277,25.68,16691,96.9,0.59,15,89628028.31,67988948.41,9620.61,0,0,0.0
VALENCA,2932903,valenciano,MARCOS ANTONIO MEDRADO,1123.975,85655,76.21,90028,97.1,0.623,21.01,339720936.97,331270062.4,17784.63,30,0,3.33
VALENTE,2933000,valentense,UBALDINO AMARAL DE OLIVEIRA,394.877,24362,61.7,25126,98.7,0.637,15.04,122869573.08,116678341,9237.34,0,0,0.0
VARZEA DA ROCA,2933059,varzeano,DANILLO SANTOS SALES RIOS,468.407,13800,29.46,14279,97.9,0.539,33.33,70676067.21,64178915.05,7937.78,0,0,0.0
VARZEA DO POCO,2933109,varzeapense,EVERSON MARCOS MATT,206.478,8101,39.23,8344,98.8,0.575,,42413924.88,38606247.05,12564.78,0,0,0.0
VARZEA NOVA,2933158,várzea-novense,DAIANE SEVERINA PEREIRA,1225.892,13377,10.91,13847,95.9,0.555,22.35,65530438.74,63107470.21,18469.87,0,0,0.0
VARZEDO,2933174,varzedense,GILMAR BORBA BITENCOURT,221.399,9913,44.77,10296,97.9,0.586,,50611998.83,43538466.5,15487.45,0,0,0.0
VERA CRUZ,2933208,vera-cruzense,IGOR PINHO SANTOS,297.537,42529,142.94,44978,99.3,0.645,12.27,185156130.06,179369074.8,13641.18,0,0,0.0
VEREDA,2933257,veredense,MANRICK GREGÓRIO PRATES TEIXEIRA,782.159,6003,7.67,6171,98.1,0.577,36.14,44155845.16,40709075.7,15186.69,0,0,0.0
VITORIA DA CONQUISTA,2933307,conquistense,ANA SHEILA LEMOS ANDRADE,3254.186,370879,113.97,394024,96.8,0.678,15.97,1308911124.11,1236420969,23907.93,516,240,13.1
WAGNER,2933406,wagnense,THIAGO ROCHA LADEIA,522.37,9503,18.19,9847,96.6,0.587,,40029225.13,36350867.87,9591.73,0,0,0.0
WANDERLEY,2933455,wanderleiense,CAMARGO ANTÔNIO PINTO CRISOSTOMO,2920.579,12968,4.44,13436,96.1,0.6,,47142850.79,71260578.11,13835.65,0,0,0.0
WENCESLAU GUIMARAES,2933505,wenceslau-guimarãense,BENEDITO GABRIEL DE ANDRADE GOMES,655.057,24474,37.36,25430,94.6,0.544,14.76,119317455.05,109889224.4,15896.95,0,0,0.0
XIQUE-XIQUE,2933604,xiquexiquense,RENAN PINTO DANTAS BRAGA,5079.662,44757,8.81,46979,96.9,0.585,22.36,218529967.44,208216818.7,9904.22,0,0,0.0
